Name of School,School ID,Family Involvement Score,Teachers Score,Adequate Yearly Progress Made?,Parent Engagement Score,Average Student Attendance,Average Teacher Attendance,"Elementary, Middle, or High School"
Charles G Hammond Elementary School,609966,,,No,43,95.3,95.2,ES
Marvin Camras Elementary School,610539,58,88,No,51,95.1,0.0,ES
Eliza Chappell Elementary School,609852,65,48,Yes,50,95.1,96.7,ES
Daniel R Cameron Elementary School,609835,,,No,46,92.6,96.2,ES
Sir Miles Davis Magnet Elementary Academy,610521,,,No,,93.0,94.5,ES
Luther Burbank Elementary School,609818,,,No,47,95.2,95.5,ES
Lenart Elementary Regional Gifted Center,610298,58,63,Yes,52,97.4,97.8,ES
James N Thorp Elementary School,610200,,,No,,91.8,95.9,ES
Walter Payton College Preparatory High School,609680,,,Yes,,93.4,96.1,HS
Roswell B Mason Elementary School,610056,47,36,No,51,92.4,95.0,ES
Ira F Aldridge Elementary School,609848,,,No,49,92.9,96.3,ES
Abraham Lincoln Elementary School,610038,99,70,No,56,96.0,96.4,ES
William Penn Elementary School,610123,,,No,52,91.8,95.2,ES
Christopher Columbus Elementary School,609863,,,Yes,54,95.5,96.9,ES
Socorro Sandoval Elementary School,610226,,,No,44,95.8,96.5,ES
Manley Career Academy High School,609722,39,32,No,,66.8,95.4,HS
Wilma Rudolph Elementary Learning Center,610308,,,,57,80.0,95.6,ES
Northside College Preparatory High School,609749,,,Yes,57,95.7,96.8,HS
Frank W Gunsaulus Elementary Scholastic Academy,609958,38,14,No,49,96.6,96.0,ES
Washington Irving Elementary School,610121,,,No,48,95.6,95.9,ES
Durkin Park Elementary School,610352,74,74,No,53,95.4,95.8,ES
Henry Clay Elementary School,609856,39,31,No,,95.2,96.1,ES
John Fiske Elementary School,609919,24,35,No,47,92.9,91.7,ES
Joseph E Gary Elementary School,609938,27,17,No,45,96.1,96.2,ES
Albany Park Multicultural Academy,610212,37,50,Yes,46,97.0,96.9,MS
Richard J Daley Elementary Academy,610239,40,42,No,46,94.9,96.0,ES
Edison Park Elementary School,610523,,,Yes,56,96.1,96.6,ES
James Madison Elementary School,610047,,,No,,94.9,97.7,ES
Michele Clark Academic Prep Magnet High School,610244,,,No,48,79.1,95.4,HS
Pilsen Elementary Community Academy,610013,40,37,No,,96.0,96.7,ES
Uplift Community High School,610394,50,53,No,,88.7,95.9,HS
John Calhoun North Elementary School,610243,51,88,Yes,43,95.9,96.5,ES
Granville T Woods Math & Science Academy Elementary School,610285,,,No,48,91.9,95.2,ES
Alexander Graham Bell Elementary School,609799,88,51,No,,96.3,95.9,ES
Morton School of Excellence,610257,49,95,No,52,93.6,97.1,ES
Morgan Park High School,609725,,,No,,84.2,94.6,HS
Bronzeville Scholastic Academy High School,610381,38,15,No,51,92.3,95.6,HS
Willa Cather Elementary School,610251,70,83,No,56,94.9,96.4,ES
William J Bogan High School,609698,,,No,41,75.2,94.3,HS
Emil G Hirsch Metropolitan High School,609712,46,50,No,,84.8,95.4,HS
Theophilus Schmid Elementary School,610178,,,No,41,92.1,96.3,ES
Salmon P Chase Elementary School,609853,28,27,No,,95.4,95.8,ES
Louis A Agassiz Elementary School,609773,,,No,56,95.2,96.8,ES
William C Reavis Math & Science Specialty Elementary School,610143,6,15,No,45,93.5,94.8,ES
Fairfield Elementary Academy,610057,24,25,No,,93.4,93.3,ES
Frederic Chopin Elementary School,609854,99,99,Yes,49,96.9,96.0,ES
Ninos Heroes Elementary Academic Center,609961,,,No,48,93.9,95.0,ES
George B McClellan Elementary School,610062,,,No,53,93.2,96.0,ES
Austin Polytechnical Academy High School,610501,,,No,,70.1,95.2,HS
Oriole Park Elementary School,610105,,,No,60,96.5,95.5,ES
Andrew Carnegie Elementary School,609837,51,31,No,49,94.6,94.4,ES
John L Marsh Elementary School,610054,53,48,No,50,95.7,95.5,ES
John Whistler Elementary School,610225,32,21,No,52,92.4,97.0,ES
Kate S Buckingham Special Education Center,610280,,,,,83.4,94.4,ES
World Language Academy High School,610392,33,49,No,50,91.6,96.0,HS
Phillip D Armour Elementary School,609777,,,No,53,93.9,95.8,ES
Asa Philip Randolph Elementary School,609941,,,No,45,92.1,95.3,ES
Andrew Jackson Elementary Language Academy,610060,,,Yes,,97.4,96.1,ES
Jane Addams Elementary School,609772,50,44,No,53,96.0,96.8,ES
Multicultural Academy of Scholarship,610385,,,No,56,89.2,96.7,HS
Blair Early Childhood Center,610087,64,66,,58,80.2,94.8,ES
Alex Haley Elementary Academy,609808,,,No,47,94.9,94.7,ES
George Armstrong International Studies Elementary School,609779,57,45,No,,96.3,96.3,ES
Mason High School,610535,,,,50,90.4,0.0,HS
Thomas Drummond Elementary School,609896,,,Yes,58,95.2,96.7,ES
Douglas Taylor Elementary School,610198,,,No,42,95.1,94.3,ES
Edward Coles Elementary Language Academy,609862,43,53,No,50,95.1,95.0,ES
Louis Pasteur Elementary School,610117,,,No,,95.0,95.8,ES
Marie Sklodowska Curie Metropolitan High School,609756,35,39,No,,85.0,95.0,HS
George Washington High School,609739,53,46,No,,80.2,95.1,HS
William G Hibbard Elementary School,609994,,,No,49,96.5,96.9,ES
Robert Lindblom Math & Science Academy High School,610391,,,No,55,92.7,95.9,HS
Fernwood Elementary School,609917,37,50,No,48,93.4,96.1,ES
Williams Multiplex Elementary School,610232,,,No,50,91.6,95.9,ES
George Leland Elementary School,610305,71,77,No,60,92.6,94.9,ES
Amelia Earhart Options for Knowledge Elementary School,610316,63,54,Yes,,96.3,95.4,ES
Oscar DePriest Elementary School,610367,39,39,No,47,92.7,95.6,ES
Benito Juarez Community Academy High School,609764,53,48,No,,83.7,95.8,HS
Countee Cullen Elementary School,610004,,,No,,94.1,96.3,ES
John H Kinzie Elementary School,610026,,,No,50,95.4,95.3,ES
Oliver Wendell Holmes Elementary School,609997,,,No,48,87.0,92.4,ES
Langston Hughes Elementary School,610368,54,48,No,46,90.0,95.5,ES
Evergreen Academy Middle School,610319,58,65,No,43,96.1,97.4,MS
Hyde Park Academy High School,609713,39,41,No,,70.5,94.2,HS
John Marshall Metropolitan High School,609723,52,42,No,,74.1,95.8,HS
Richard Henry Lee Elementary School,610291,,,No,,95.0,95.3,ES
Burnham Elementary Inclusive Academy,609821,77,71,Yes,54,95.5,96.9,ES
Josiah Pickard Elementary School,610129,36,34,No,48,95.8,96.4,ES
Charles S Deneen Elementary School,609883,33,49,No,,93.8,97.1,ES
Jensen Elementary Scholastic Academy,610271,41,40,No,46,93.1,95.3,ES
Anthony Overton Elementary School,610277,,,No,52,90.5,94.9,ES
Helge A Haugan Elementary School,609972,39,30,No,46,96.2,94.6,ES
Scott Joplin Elementary School,609805,29,34,No,52,95.0,94.6,ES
Stone Elementary Scholastic Academy,610191,,,Yes,55,96.4,96.0,ES
Francis Parkman Elementary School,610114,25,28,No,,90.6,95.3,ES
Friedrich W von Steuben Metropolitan Science High School,609737,39,29,No,,87.0,95.6,HS
Rachel Carson Elementary School,609842,36,36,No,50,97.6,97.7,ES
Kate S Kellogg Elementary School,610016,,,Yes,53,96.3,95.4,ES
Melville W Fuller Elementary School,609928,,,No,51,91.8,93.9,ES
Harriet Beecher Stowe Elementary School,610192,,,No,44,93.8,94.7,ES
James Shields Elementary School,610174,,,No,50,97.0,97.0,ES
Southside Occupational Academy High School,609745,52,60,,63,85.5,95.2,HS
Dewey Elementary Academy of Fine Arts,609885,,,No,52,90.7,95.5,ES
Isabelle C O'Keeffe Elementary School,610103,,,No,40,92.1,94.6,ES
Edmond Burke Elementary School,609819,,,No,48,89.3,95.5,ES
Virgil Grissom Elementary School,609944,66,87,No,,95.5,96.4,ES
Lyman A Budlong Elementary School,609817,56,41,No,50,95.4,95.7,ES
Chicago Military Academy High School,609754,,,No,,90.3,95.6,HS
Manuel Perez Elementary School,609872,,,No,52,95.9,96.6,ES
Skinner North,610534,,,Yes,64,96.4,97.8,ES
Eric Solorio Academy High School,610543,54,64,,53,92.2,0.0,HS
Neal F Simeon Career Academy High School,609692,,,No,,78.6,94.3,HS
John Hancock College Preparatory High School,609694,44,42,No,50,78.2,95.9,HS
Carl von Linne Elementary School,610039,49,44,No,50,95.8,96.3,ES
Henry R Clissold Elementary School,609861,61,51,No,52,95.1,96.9,ES
Johnnie Colemon Elementary Academy,610199,,,No,53,95.9,95.4,ES
Roald Amundsen High School,609695,44,41,No,43,81.1,95.9,HS
Edwin G Foreman High School,609708,,,No,,84.3,94.8,HS
National Teachers Elementary Academy,610231,70,46,No,56,94.7,96.3,ES
Clara Barton Elementary School,609790,42,59,No,51,91.7,96.4,ES
Elaine O Goodlow Elementary Magnet School,609913,42,28,No,46,91.6,96.0,ES
Josefa Ortiz De Dominguez Elementary School,609950,69,54,No,51,95.8,97.0,ES
Northwest Middle School,610051,,,No,,93.4,95.1,MS
Dvorak Technology Academy,610254,22,13,No,,94.2,95.4,ES
James B McPherson Elementary School,610070,,,No,52,96.5,96.3,ES
Paul Laurence Dunbar Career Academy High School,609676,57,49,No,,76.9,96.0,HS
Adam Clayton Powell Paideia Community Academy Elementary School,610281,66,76,No,46,95.6,95.3,ES
John A Walsh Elementary School,610216,,,No,48,95.1,95.3,ES
Thomas J Waters Elementary School,610220,,,No,52,96.1,95.1,ES
Wendell Smith Elementary School,609978,24,29,No,42,92.1,94.1,ES
Joseph Lovett Elementary School,610043,,,No,49,95.4,95.4,ES
Charles P Steinmetz Academic Centre High School,609732,35,32,No,,79.2,96.2,HS
Gurdon S Hubbard High School,609741,,,No,,89.3,96.4,HS
Joseph Brennemann Elementary School,610242,56,54,No,53,96.5,97.7,ES
John M Smyth Elementary School,610180,,,No,43,92.4,93.3,ES
Inter-American Elementary Magnet School,610078,,,No,51,96.2,96.2,ES
Richard Yates Elementary School,610234,,,No,51,93.7,96.2,ES
Albert G Lane Technical High School,609720,,,Yes,,96.3,96.2,HS
James Monroe Elementary School,610074,,,No,47,95.1,95.8,ES
Carl Schurz High School,609729,36,31,No,,81.2,96.0,HS
Mildred I Lavizzo Elementary School,610208,35,30,No,48,91.5,95.0,ES
Dyett High School,609736,18,25,No,,62.5,93.5,HS
Velma F Thomas Early Childhood Center,610504,,,,55,,95.6,ES
Phoenix Military Academy High School,610304,,,No,52,92.1,97.4,HS
John C Burroughs Elementary School,609829,55,53,No,50,95.6,96.1,ES
West Pullman Elementary School,610224,46,50,No,47,91.2,93.8,ES
William H Prescott Elementary School,610136,,,No,50,93.5,97.6,ES
Chicago Vocational Career Academy High School,609674,43,39,No,,68.8,94.6,HS
Graeme Stewart Elementary School,610187,,,No,47,95.2,96.1,ES
Milton Brunson Math & Science Specialty Elementary School ,609830,,,No,47,91.3,95.0,ES
Henry O Tanner Elementary School,610279,,,No,,91.8,95.6,ES
Mary E Courtenay Elementary Language Arts Center,610355,,,Yes,59,94.9,94.2,ES
William A Hinton Elementary School,610299,,,No,45,91.7,95.1,ES
Daniel S Wentworth Elementary School,610223,32,32,No,,91.6,95.9,ES
Leslie Lewis Elementary School,610036,37,48,No,42,91.8,95.3,ES
Jonathan Burr Elementary School,609828,66,63,Yes,56,95.9,96.9,ES
Jean D Lafayette Elementary School,610031,53,72,No,52,94.1,96.3,ES
Lyman Trumbull Elementary School,610205,,,No,50,94.3,95.2,ES
A.N. Pritzker School,610229,,,No,,94.6,95.6,ES
Ashburn Community Elementary School,610287,76,70,No,51,95.5,97.1,ES
Fort Dearborn Elementary School,609924,,,No,47,93.4,95.9,ES
William T Sherman Elementary School,610172,,,No,49,92.3,95.0,ES
Nathan Hale Elementary School,609960,63,65,Yes,55,94.5,96.2,ES
John T McCutcheon Elementary School,610269,36,42,No,52,94.0,94.8,ES
Charles H Wacker Elementary School,610366,,,No,50,93.4,93.4,ES
Park Manor Elementary School,610115,42,67,No,55,94.9,96.3,ES
George Rogers Clark Elementary School,609795,,,No,47,93.9,96.4,ES
North River Elementary School,610354,60,47,No,50,95.6,96.0,ES
Paul Revere Elementary School,610146,,,No,49,92.4,94.6,ES
John F Eberhart Elementary School,609898,41,32,No,,95.3,95.6,ES
Ames Middle School,609780,17,26,No,50,94.3,96.0,MS
Elizabeth Peabody Elementary School,610119,58,55,No,52,95.2,97.0,ES
Francis Scott Key Elementary School,610020,,,No,44,91.9,94.0,ES
Arthur A Libby Elementary School,610037,,,No,48,90.8,95.1,ES
Columbia Explorers Elementary Academy,610170,64,72,No,52,95.4,97.1,ES
Rosario Castellanos Elementary School,609826,24,31,No,46,96.3,96.9,ES
Hyman G Rickover Naval Academy High School,610390,,,No,53,92.9,95.9,HS
South Shore Fine Arts Academy,610530,,,No,56,93.6,96.3,ES
James Russell Lowell Elementary School,610044,,,No,45,93.2,95.7,ES
George W Curtis Elementary School,609900,,,No,68,93.8,98.1,ES
Mark Twain Elementary School,610206,76,71,No,60,96.3,97.8,ES
Cesar E Chavez Multicultural Academic Center Elementary School,610148,52,50,No,45,95.1,96.1,ES
Philip Rogers Elementary School,610147,76,64,No,53,96.4,95.1,ES
Daniel Boone Elementary School,609804,50,53,No,50,95.5,95.4,ES
Laura S Ward Elementary School,610133,,,No,,92.9,97.5,ES
Washington D Smyser Elementary School,610179,,,No,,95.5,97.2,ES
Robert Nathaniel Dett Elementary School,610252,,,No,51,94.4,94.8,ES
Suder Montessori Magnet Elementary School,610405,,,Yes,,96.6,95.7,ES
William J & Charles H Mayo Elementary School,610061,55,47,No,50,95.3,95.2,ES
Robert Fulton Elementary School,609929,41,39,No,45,95.1,96.8,ES
Lake View High School,609719,,,No,49,87.7,96.2,HS
John H Vanderpoel Elementary Magnet School,610207,,,Yes,55,97.2,96.2,ES
Hope College Preparatory High School,609768,51,35,No,,72.2,94.3,HS
Walter Q Gresham Elementary School,609955,49,57,No,48,95.5,95.0,ES
Joyce Kilmer Elementary School,610022,43,42,No,49,96.0,96.9,ES
Ferdinand Peck Elementary School,610120,43,37,No,44,96.3,97.2,ES
Nicholson Technology Academy,609793,37,39,No,,93.4,97.0,ES
Alessandro Volta Elementary School,610209,61,56,No,51,96.4,95.9,ES
George H Corliss High School,609761,52,54,No,,71.3,95.2,HS
Mount Vernon Elementary School,610086,26,19,No,47,93.3,94.1,ES
Bret Harte Elementary School,609969,,,Yes,47,94.2,95.4,ES
Maria Saucedo Elementary Scholastic Academy,610017,,,No,43,96.8,96.9,ES
Franklin Elementary Fine Arts Center,609926,,,Yes,58,95.9,95.3,ES
Ellen Mitchell Elementary School,610073,64,90,Yes,56,95.5,97.7,ES
Orville T Bright Elementary School,609811,,,No,41,92.2,95.3,ES
Theodore Roosevelt High School,609728,,,No,,82.3,96.1,HS
Donald Morrill Math & Science Elementary School,610077,25,32,No,44,93.4,94.8,ES
Laughlin Falconer Elementary School,609910,24,30,No,49,96.1,97.0,ES
Rufus M Hitch Elementary School,609995,77,70,No,55,95.1,96.6,ES
James Weldon Johnson Elementary School,610274,38,66,No,51,94.7,97.5,ES
Stephen Decatur Classical Elementary School,609880,99,99,Yes,52,96.2,95.4,ES
Edward C Delano Elementary School,609881,64,79,No,55,93.4,94.7,ES
Horace Greeley Elementary School,609850,,,No,52,95.9,96.0,ES
Lorenz Brentano Math & Science Academy Elementary School,609809,47,32,No,,94.7,97.7,ES
Charles S Brownell Elementary School,609813,16,19,No,48,92.8,95.5,ES
William K New Sullivan Elementary School,610193,42,33,No,47,90.3,94.0,ES
George Washington Carver Military Academy High School,609760,,,No,,91.6,96.4,HS
William C Goudy Elementary School,609945,52,52,No,,96.1,95.8,ES
Sharon Christa McAuliffe Elementary School,609968,,,No,52,93.9,95.7,ES
Wendell Phillips Academy High School,609727,71,79,No,,63.0,96.1,HS
Stephen F Gale Elementary Community Academy,609933,31,29,No,45,92.1,95.2,ES
William H Ray Elementary School,610142,,,Yes,50,95.1,94.9,ES
Harriet E Sayre Elementary Language Academy,610158,,,No,44,96.2,96.6,ES
Cyrus H McCormick Elementary School,610063,60,54,No,52,95.9,95.9,ES
Nathaniel Pope Elementary School,610134,,,No,,91.6,95.8,ES
VOISE Academy High School,610518,,,No,,84.5,96.5,HS
Robert Healy Elementary School,609979,,,No,,96.6,97.1,ES
Frazier Prospective IB Magnet Elementary School,610503,55,55,Yes,66,96.8,96.6,ES
Alexander von Humboldt Elementary School,610210,,,No,43,92.5,96.0,ES
Edward N Hurley Elementary School,610006,56,54,No,49,95.4,94.9,ES
Austin O Sexton Elementary School,610169,,,No,46,90.5,94.1,ES
Mary McLeod Bethune Elementary School,610365,47,46,No,56,93.3,97.6,ES
Thomas Chalmers Specialty Elementary School,609851,76,78,No,,94.4,97.3,ES
Elihu Yale Elementary School,610233,35,,No,49,89.7,97.0,ES
Charles P Caldwell Academy of Math & Science Elementary School,609833,31,25,No,44,92.7,94.7,ES
Edward K Ellington Elementary School,609904,,,No,49,93.3,97.3,ES
Louis Nettelhorst Elementary School,610094,,,Yes,,95.5,95.9,ES
Irvin C Mollison Elementary School,610276,,,No,52,91.1,94.3,ES
DeVry University Advantage Academy High School,610402,,,No,58,96.7,94.5,HS
James E McDade Elementary Classical School,610066,,,Yes,61,96.2,94.3,ES
Adlai E Stevenson Elementary School,610185,,,No,47,95.7,94.7,ES
John Barry Elementary School,609789,49,41,No,51,95.1,96.1,ES
Mark Skinner Elementary School,610177,,,Yes,,97.1,94.9,ES
Guglielmo Marconi Elementary Community Academy,610241,,,No,52,91.5,96.5,ES
Thomas Kelly High School,609715,53,57,No,,89.3,95.3,HS
Joseph Kellman Corporate Community Elementary School,609925,68,50,No,59,95.2,95.8,ES
William F Finkl Elementary School,609967,60,56,No,49,95.2,96.9,ES
Near North Elementary School,610085,,,,,80.2,94.8,ES
William Rainey Harper High School,609711,32,31,No,49,73.0,94.7,HS
West Ridge Elementary School,610542,,,No,46,94.9,0.0,ES
John T Pirie Fine Arts & Academic Center Elementary School,610130,44,46,No,,93.5,95.4,ES
Norwood Park Elementary School,610099,86,32,Yes,57,95.5,95.6,ES
Parkside Elementary Community Academy,610116,,,No,42,89.8,94.9,ES
Victor Herbert Elementary School,609989,52,50,No,50,92.8,96.2,ES
Paul Robeson High School,609707,,,No,,73.5,94.7,HS
Francis W Parker Elementary Community Academy,610112,,,No,48,91.9,94.9,ES
Arnold Mireles Elementary Academy,610171,,,No,48,92.8,95.2,ES
Arthur Dixon Elementary School,609887,,,No,,94.8,95.6,ES
Ernst Prussing Elementary School,610137,,,No,43,95.4,96.0,ES
Johann W von Goethe Elementary School,609942,61,69,No,57,95.8,97.0,ES
Belmont-Cragin Elementary School,609922,81,53,No,55,95.3,96.8,ES
Foster Park Elementary School,609927,41,46,No,46,93.7,94.7,ES
John Greenleaf Whittier Elementary School,610228,,,No,,94.9,96.5,ES
Carter G Woodson South Elementary School,610345,27,41,No,44,91.9,94.7,ES
Gage Park High School,609709,43,35,No,,72.5,94.0,HS
John Spry Elementary Community School,610184,59,43,No,46,96.2,97.4,ES
Alice L Barnard Computer Math & Science Center Elementary School,609788,,,No,69,95.6,95.0,ES
Ralph H Metcalfe Elementary Community Academy,609902,,,No,48,94.9,95.5,ES
Esmond Elementary School,609908,,,No,49,92.9,95.7,ES
Medgar Evers Elementary School,610362,,,No,56,94.9,96.1,ES
William W Carter Elementary School,609844,49,62,No,46,91.2,95.9,ES
Frederick Funston Elementary School,609930,,,No,40,94.7,95.4,ES
Pablo Casals Elementary School,610021,,,No,42,92.0,95.9,ES
George M Pullman Elementary School,610139,,,No,50,93.5,96.2,ES
Nicholas Senn High School,609730,,,No,,81.7,96.4,HS
Amos Alonzo Stagg Elementary School,610339,35,42,No,44,91.4,95.5,ES
Barbara Vick Early Childhood & Family Center,609871,,,,66,60.9,95.5,ES
John J Audubon Elementary School,609782,73,65,Yes,61,96.2,96.7,ES
John Milton Gregory Elementary School,609954,43,59,No,49,95.2,94.6,ES
Calmeca Academy of Fine Arts and Dual Language,610353,67,55,No,51,96.5,96.9,ES
Edgar Allan Poe Elementary Classical School,610132,33,41,Yes,55,97.6,97.2,ES
John Harvard Elementary School of Excellence,609971,24,36,No,47,93.0,96.0,ES
Grover Cleveland Elementary School,609857,43,44,No,49,95.0,96.3,ES
William Howard Taft High School,609734,,,No,,89.1,96.1,HS
Jean Baptiste Beaubien Elementary School,609796,,,Yes,,95.7,96.3,ES
Annie Keller Elementary Gifted Magnet School,610084,97,82,Yes,68,97.5,96.5,ES
Ogden International High School,610529,,,Yes,,94.2,0.0,HS
Charles Kozminski Elementary Community Academy,610030,,,No,39,92.0,94.4,ES
Nathanael Greene Elementary School,609952,,,No,48,95.5,96.2,ES
Alexander Hamilton Elementary School,609963,64,48,No,57,95.3,97.4,ES
Ravenswood Elementary School,610141,,,No,53,94.9,95.7,ES
Minnie Mars Jamieson Elementary School,610011,50,41,No,52,95.7,96.2,ES
Brian Piccolo Elementary Specialty School,610106,,,No,,90.6,95.0,ES
Joseph Stockton Elementary School,610189,,,No,,94.9,95.3,ES
Emmett Louis Till Math and Science Academy,610065,31,42,No,47,88.0,93.3,ES
Theodore Herzl Elementary School,609991,,,No,,90.8,97.0,ES
Bernhard Moos Elementary School,610076,34,31,No,,93.0,96.3,ES
Ronald E McNair Elementary School,610282,30,20,No,47,90.7,96.5,ES
Lincoln Park High School,609738,61,45,No,,84.6,96.0,HS
Irma C Ruiz Elementary School,610125,59,56,No,50,95.5,95.0,ES
Galileo Math & Science Scholastic Academy Elementary School,610009,52,33,Yes,49,95.0,97.0,ES
Mahalia Jackson Elementary School,610369,,,No,46,92.5,94.6,ES
William E Dever Elementary School,609884,66,36,No,50,95.5,95.9,ES
Christian Ebinger Elementary School,609899,72,62,Yes,52,95.9,95.2,ES
Florence Nightingale Elementary School,610096,54,72,No,48,95.6,95.8,ES
George F Cassell Elementary School,609849,67,61,Yes,52,94.4,95.1,ES
North-Grand High School,609691,,,No,,88.6,95.6,HS
Franz Peter Schubert Elementary School,610165,31,26,No,47,95.8,97.0,ES
Dumas Technology Academy,610266,,,No,48,92.5,95.6,ES
Henry H Nash Elementary School,610092,,,No,,95.1,95.8,ES
John D Shoop Math-Science Technical Academy Elementary School,610176,47,42,No,52,93.2,96.3,ES
Orr Academy High School,610389,,,No,,66.3,95.0,HS
Chicago Academy Elementary School,610248,,,Yes,47,96.3,96.1,ES
Michael Faraday Elementary School,610055,,,No,50,93.3,94.6,ES
Ida B Wells Preparatory Elementary Academy,610110,,,No,,93.2,92.8,ES
Marquette Elementary School,610053,,,No,43,93.1,95.3,ES
Richard T Crane Technical Preparatory High School,609702,,,No,47,57.9,93.9,HS
Charles R Henderson Elementary School,609986,,,No,46,89.2,93.6,ES
Albert R Sabin Elementary Magnet School,610342,,,No,,94.7,95.0,ES
James G Blaine Elementary School,609803,,,Yes,40,96.4,96.0,ES
Julia C Lathrop Elementary School,610253,,,No,40,90.5,95.5,ES
Thurgood Marshall Middle School,610321,,,No,,94.0,96.0,MS
Augustus H Burley Elementary School,609820,,,Yes,59,96.5,95.0,ES
Peter Cooper Elementary Dual Language Academy,609867,,,No,,96.2,96.3,ES
Daniel C Beard Elementary School,610083,,,,57,91.9,94.3,ES
Jonathan Y Scammon Elementary School,610159,,,No,48,95.9,95.3,ES
John C Coonley Elementary School,609866,90,56,Yes,58,95.9,96.5,ES
Hannah G Solomon Elementary School,610182,96,62,Yes,52,95.8,95.7,ES
Sidney Sawyer Elementary School,610157,30,29,No,49,96.8,96.4,ES
Mount Greenwood Elementary School,610082,,,Yes,,96.0,96.1,ES
Talman Elementary School,610249,99,81,No,57,96.2,95.5,ES
Ludwig Van Beethoven Elementary School,610237,,,No,46,93.7,94.7,ES
Mary E McDowell Elementary School,610312,49,53,No,,95.5,96.1,ES
William J Onahan Elementary School,610104,59,39,Yes,47,95.7,96.1,ES
William Bishop Owen Scholastic Academy Elementary School,610109,61,47,Yes,58,96.9,95.0,ES
Daniel Webster Elementary School,610221,56,44,No,45,94.8,97.2,ES
Kenwood Academy High School,609746,,,No,,88.4,95.3,HS
Ellen H Richards Career Academy High School,609682,23,34,No,43,90.6,95.7,HS
Hawthorne Elementary Scholastic Academy,609974,88,84,Yes,58,96.9,96.5,ES
Collins Academy High School,610499,42,48,No,54,91.4,96.6,HS
South Loop Elementary School,609990,66,46,Yes,54,95.3,97.2,ES
Walter Reed Elementary School,610264,,,No,47,92.4,93.2,ES
Charles Allen Prosser Career Academy High School,609679,47,44,No,46,86.0,94.4,HS
Jacob Beidler Elementary School,609797,,,No,,95.4,96.6,ES
James R Doolittle Jr Elementary School,609891,,,No,44,91.4,94.7,ES
George Westinghouse High School,609693,72,71,,54,93.6,96.8,HS
Disney II Magnet School,610515,99,53,Yes,62,97.3,96.5,ES
Lawndale Elementary Community Academy,610034,,,No,,91.0,94.8,ES
Roberto Clemente Community Academy High School,609759,31,25,No,,69.6,94.2,HS
Walter S Christopher Elementary School,609855,48,64,No,52,86.1,94.1,ES
Edward Tilden Career Community Academy High School,609735,57,35,No,51,78.4,95.2,HS
New Field Elementary School,610284,,,No,51,96.2,95.6,ES
John Foster Dulles Elementary School,610263,22,21,No,51,94.1,97.3,ES
Robert Emmet Elementary School,609906,,,No,51,89.8,94.8,ES
Hiram H Belding Elementary School,609798,63,51,No,53,95.0,96.2,ES
Nathan R Goldblatt Elementary School,610348,,,No,53,92.9,95.6,ES
Eli Whitney Elementary School,610227,,,No,,95.8,95.2,ES
Wolfgang A Mozart Elementary School,610088,,,No,50,95.2,96.4,ES
John W Cook Elementary School,609864,,,No,45,94.0,94.0,ES
Horace Mann Elementary School,610052,31,24,No,44,92.6,94.5,ES
Agustin Lara Elementary Academy,609993,44,48,No,53,95.5,95.8,ES
John B Drake Elementary School,609894,20,16,No,50,93.8,95.9,ES
Thomas Hoyne Elementary School,610002,66,66,No,,94.8,95.4,ES
Phobe Apperson Hearst Elementary School,609981,,,No,45,92.1,95.8,ES
Perkins Bass Elementary School,609791,50,42,No,47,92.1,96.4,ES
Jacqueline B Vaughn Occupational High School,609766,72,69,,63,87.6,95.5,HS
Charles W Earle Elementary School,609897,,,No,53,93.8,94.6,ES
Frank I Bennett Elementary School,609800,46,56,No,47,92.5,95.9,ES
Arthur E Canty Elementary School,609836,64,47,Yes,66,96.1,96.1,ES
Samuel Gompers Fine Arts Options Elementary School,609943,42,59,No,49,93.6,96.0,ES
Stephen K Hayt Elementary School,609976,61,66,No,,95.6,96.0,ES
Patrick Henry Elementary School,609988,56,45,No,52,95.1,95.9,ES
Francisco I Madero Middle School,610215,32,34,No,47,95.1,97.0,MS
Whitney M Young Magnet High School,609755,80,46,Yes,53,94.6,94.9,HS
William H Ryder Math & Science Specialty Elementary School,610153,,,No,,93.0,94.3,ES
Matthew Gallistel Elementary Language Academy,609935,45,40,No,50,95.1,96.3,ES
James Ward Elementary School,610217,65,56,Yes,48,97.8,96.9,ES
Hanson Park Elementary School,610068,,,No,50,95.0,94.9,ES
Spry Community Links High School,610357,,,No,56,95.6,95.7,HS
Dr  Martin Luther King  Jr  College Prep High School,609751,,,No,56,92.9,96.3,HS
Walt Disney Magnet Elementary School,610363,,,No,,96.4,96.4,ES
Louis Armstrong Math & Science Elementary School,610156,,,No,59,92.6,97.9,ES
Edward Beasley Elementary Magnet Academic Center,610246,,,Yes,42,95.0,94.7,ES
Mariano Azuela Elementary School,610544,96,84,No,47,95.5,0.0,ES
William Jones College Preparatory High School,609678,,,Yes,,93.8,95.3,HS
Robert H Lawrence Elementary School,610045,29,30,No,,90.7,95.3,ES
George Washington Carver Primary School,609845,,,No,52,90.9,94.7,ES
Enrico Fermi Elementary School,609916,42,47,No,,89.9,95.4,ES
Benjamin E Mays Elementary Academy,610290,23,37,No,,95.5,96.6,ES
Wendell E Green Elementary School,610032,,,No,53,93.9,95.7,ES
William P Nixon Elementary School,610097,,,No,46,95.6,95.8,ES
Carroll-Rosenwald Specialty Elementary School,609839,,,No,48,94.8,95.6,ES
John P Altgeld Elementary School,609775,37,35,No,46,91.9,95.5,ES
Al Raby High School,610334,,,No,,80.3,95.1,HS
John Hay Elementary Community Academy,609975,,,No,52,92.9,97.1,ES
Eugene Field Elementary School,609918,33,8,No,44,96.8,96.7,ES
Ole A Thorp Elementary Scholastic Academy,610201,61,57,No,50,96.4,95.8,ES
Crown Community Academy of Fine Arts Center Elementary School,609873,39,31,No,49,92.5,96.7,ES
LaSalle II Magnet Elementary School,610520,81,79,Yes,55,95.1,94.8,ES
Percy L Julian High School,609762,50,51,No,,74.6,94.2,HS
Jesse Sherwood Elementary School,610173,,,No,51,92.0,95.5,ES
Joseph Jungman Elementary School,610015,34,43,No,48,96.4,96.3,ES
Betsy Ross Elementary School,610150,,,No,37,88.9,93.9,ES
Charles Evans Hughes Elementary School,610005,,,No,,94.4,94.7,ES
George W Tilton Elementary School,610202,25,44,No,51,91.4,95.1,ES
Frederick Stock Elementary School,610163,99,81,,69,72.4,95.7,ES
Garrett A Morgan Elementary School,610072,38,36,No,47,92.0,94.8,ES
Lazaro Cardenas Elementary School,610024,58,58,No,52,96.3,98.5,ES
Portage Park Elementary School,610135,,,No,48,94.2,95.9,ES
Alfred Nobel Elementary School,610098,34,36,No,48,94.6,95.2,ES
Mary Mapes Dodge Elementary Renaissance Academy,609888,61,83,No,56,94.4,97.1,ES
Thomas A Hendricks Elementary Community Academy,609987,,,No,51,91.2,95.6,ES
Rodolfo Lozano Bilingual & International Center Elementary School,610029,,,No,45,94.8,96.2,ES
Edward Jenner Elementary Academy of the Arts,610012,34,26,No,49,88.9,94.8,ES
Logandale Middle School,610325,,,No,50,95.1,95.6,MS
Rueben Salazar Elementary Bilingual Center,610250,,,No,52,95.1,95.8,ES
Mark Sheridan Elementary Math & Science Academy,610081,59,63,Yes,55,96.8,97.0,ES
William H King Elementary School,610023,,,No,,92.4,95.1,ES
Arna Wendell Bontemps Elementary School,610161,,,No,53,94.2,95.8,ES
Lionel Hampton Fine & Performing Arts Elementary School,609807,,,No,46,95.0,96.6,ES
Federico Garcia Lorca Elementary School,610541,58,82,No,51,96.8,0.0,ES
Alexander Graham Elementary School,609947,30,41,No,48,92.5,95.0,ES
Charles N Holden Elementary School,609996,44,51,No,54,94.9,96.0,ES
Frederick A Douglass Academy High School,610245,,,No,50,79.2,94.7,HS
Moses Montefiore Special Elementary School,610075,,,,46,80.4,93.5,ES
Joseph Warren Elementary School,610218,55,,No,46,95.0,95.3,ES
Ray Graham Training Center High School,609769,82,52,,53,86.3,94.3,HS
Emiliano Zapata Elementary Academy,609973,52,79,No,46,96.6,96.8,ES
Telpochcalli Elementary School,609921,48,69,No,55,95.4,94.7,ES
Avalon Park Elementary School,609786,24,16,No,46,92.1,96.4,ES
James Otis Elementary School,610107,92,94,No,54,95.5,96.5,ES
Ronald Brown Elementary Community Academy,610091,26,45,No,52,93.8,96.3,ES
Ignance Paderewski Elementary Learning Academy,610273,,,No,46,92.1,95.2,ES
Richard J Oglesby Elementary School,610102,40,32,No,46,94.4,96.9,ES
Daniel Hale Williams Prep School of Medicine,610380,,,No,,91.3,96.7,HS
Martha Ruggles Elementary School,610152,,,No,48,93.9,96.7,ES
William P Gray Elementary School,609949,,,No,47,95.6,95.9,ES
William E B Dubois Elementary School,610364,,,No,50,93.3,94.4,ES
Christian Fenger Academy High School,609705,28,42,No,,74.4,95.4,HS
Songhai Elementary Learning Institute,610160,,,No,46,89.5,95.4,ES
Greater Lawndale High School For Social Justice,610383,72,65,No,53,87.5,95.1,HS
Wells Community Academy High School,609740,49,49,No,,74.1,96.2,HS
Tarkington School of Excellence Elementary School,610396,,,No,49,95.9,96.6,ES
Henry D Lloyd Elementary School,610040,,,No,48,96.2,97.2,ES
David G Farragut Career Academy High School,609704,,,No,,86.1,95.2,HS
Mary Gage Peterson Elementary School,610127,,,No,51,95.5,96.7,ES
Walter L Newberry Math & Science Academy Elementary School,610095,74,44,Yes,54,95.1,96.3,ES
Julia Ward Howe Elementary School of Excellence,610000,46,67,No,57,96.0,97.1,ES
Austin Business and Entrepreneurship Academy High School,400018,,,No,,76.0,0.0,HS
Jordan Elementary Community School,609865,31,15,No,52,95.6,95.1,ES
Anna R. Langford Community Academy,609869,31,50,No,53,91.8,95.4,ES
Jane A Neil Elementary School,610093,41,36,No,52,88.9,94.6,ES
Florence B Price Elementary School,610258,,,No,46,90.0,95.2,ES
Mancel Talcott Elementary School,610197,58,55,No,51,95.8,96.9,ES
Myra Bradwell Communications Arts & Sciences Elementary School,609806,35,54,No,49,92.1,96.4,ES
George B Swift Elementary Specialty School,610196,53,59,No,49,96.3,95.8,ES
Brighton Park Elementary School,610317,,,No,,96.3,95.9,ES
Dunne Technology Academy,610188,53,59,No,49,94.6,96.4,ES
Newton Bateman Elementary School,609792,36,34,No,52,96.2,96.7,ES
Frank W Reilly Elementary School,610144,,,No,48,97.0,96.7,ES
Ella Flagg Young Elementary School,610235,,,No,44,94.3,95.4,ES
Orozco Fine Arts & Sciences Elementary School,610329,,,No,50,97.6,96.4,ES
Ana Roque de Duprey Elementary School,610320,,,No,53,95.4,95.6,ES
Alcott High School for the Humanities,610524,,,,57,92.7,96.9,HS
Charles R Darwin Elementary School,609875,40,46,No,49,95.6,96.2,ES
John M Harlan Community Academy High School,609710,,,No,,81.2,94.4,HS
Edgebrook Elementary School,609901,99,70,Yes,56,96.9,96.6,ES
Burnside Elementary Scholastic Academy,609827,,,No,48,94.9,94.9,ES
Michael M Byrne Elementary School,609832,61,57,Yes,49,94.6,95.8,ES
Irene C. Hernandez Middle School for the Advancement of Science,610532,34,27,No,,95.5,96.2,MS
James Hedges Elementary School,609983,,,No,41,95.4,96.5,ES
Peter A Reinberg Elementary School,610145,51,54,No,47,95.8,95.7,ES
Turner-Drew Elementary Language Academy,609895,56,66,Yes,,95.8,95.2,ES
Gwendolyn Brooks College Preparatory Academy High School,609726,,,No,47,87.1,95.2,HS
Simon Guggenheim Elementary School,610283,,,No,48,90.9,93.1,ES
John C Dore Elementary School,609893,67,51,Yes,58,95.6,96.7,ES
Miriam G Canter Middle School,610018,55,62,No,,91.4,95.7,MS
Luke O'Toole Elementary School,610108,,,No,45,89.2,94.6,ES
William H Seward Communication Arts Academy Elementary School,610167,43,63,No,49,95.7,95.7,ES
William B Ogden Elementary School,610101,,,No,,95.1,97.0,ES
Chicago Academy High School,610340,35,57,No,,93.1,96.1,HS
Helen M Hefferan Elementary School,609985,39,52,No,51,93.8,95.9,ES
John J Pershing Elementary Humanities Magnet,610126,90,78,Yes,,95.5,96.7,ES
Everett McKinley Dirksen Elementary School,609874,,,No,,95.9,96.2,ES
John W Garvy Elementary School,609937,70,55,No,56,95.3,96.5,ES
Richard Edwards Elementary School,609903,48,49,No,49,95.3,96.8,ES
Joshua D Kershaw Elementary School,610019,63,59,No,58,94.8,96.0,ES
Pershing West Middle School,610395,53,58,No,,96.2,97.6,MS
Northside Learning Center High School,609744,99,84,,62,89.8,95.6,HS
Arthur R Ashe Elementary School,610268,,,No,39,87.9,93.4,ES
Frank L Gillespie Elementary School,609939,,,No,,91.9,96.3,ES
Jesse Owens Elementary Community Academy,609932,,,No,51,91.3,93.5,ES
Enrico Tonti Elementary School,610203,44,54,No,49,95.8,97.2,ES
Ariel Elementary Community Academy,609951,,,No,51,95.5,96.0,ES
Beulah Shoesmith Elementary School,610175,54,41,No,49,94.7,94.8,ES
Norman A Bridge Elementary School,609810,,,No,51,95.6,96.6,ES
George Manierre Elementary School,610048,,,No,42,91.0,94.8,ES
Genevieve Melody Elementary School,610293,,,No,,92.1,96.0,ES
Ambrose Plamondon Elementary School,610131,,,No,45,96.9,96.6,ES
Oscar F Mayer Elementary School,610059,,,No,,95.0,95.2,ES
John Charles Haines Elementary School,609959,47,48,No,43,98.4,96.2,ES
Matthew A Henson Elementary School,610240,,,No,55,90.9,95.7,ES
Woodlawn Community Elementary School,609977,,,No,59,93.9,94.3,ES
Jose De Diego Elementary Community Academy,610313,53,64,No,53,95.0,96.8,ES
Harold Washington Elementary School,610124,,,No,47,96.1,96.2,ES
LaSalle Elementary Language Academy,610033,79,43,Yes,53,96.8,97.6,ES
DeWitt Clinton Elementary School,609859,41,36,No,,95.3,95.4,ES
Jackie Robinson Elementary School,610256,,,No,45,90.5,93.8,ES
James B Farnsworth Elementary School,609912,62,59,No,55,94.2,95.6,ES
Air Force Academy High School,610513,60,54,,53,93.3,96.9,HS
John Palmer Elementary School,610111,,,No,65,96.3,94.8,ES
Edward Everett Elementary School,609909,66,45,No,,95.3,97.7,ES
Elizabeth H Sutherland Elementary School,610195,,,No,50,95.6,96.2,ES
Louisa May Alcott Elementary School,609774,66,57,Yes,60,96.6,97.1,ES
Thomas J Higgins Elementary Community Academy,610295,,,No,49,95.2,95.2,ES
John B Murphy Elementary School,610089,,,No,58,95.6,96.3,ES
Marine Military Math and Science Academy ,610502,49,35,No,54,91.3,95.3,HS
Charles Sumner  Math & Science Community Acad Elementary School,610194,27,34,No,48,93.9,96.9,ES
George Washington Elementary School,610219,61,76,Yes,52,95.5,95.9,ES
Phillip Murray Elementary Language Academy,610090,,,Yes,56,95.6,95.9,ES
Sauganash Elementary School,610155,,,Yes,,96.3,95.4,ES
New Millennium High School of Health at Bowen,610323,23,6,No,,75.6,94.7,HS
Wildwood Elementary School,610230,90,45,Yes,55,96.2,95.7,ES
Crispus Attucks Elementary School,609781,76,85,No,,95.2,93.5,ES
John H Hamline Elementary School,609964,24,33,No,44,94.4,95.7,ES
Oliver S Westcott Elementary School,610300,41,47,No,46,92.6,94.8,ES
Nathan S Davis Elementary School,609876,,,No,48,95.1,95.9,ES
Roger C Sullivan High School,609733,44,33,No,44,81.6,95.8,HS
Leif Ericson Elementary Scholastic Academy,609907,,,No,45,94.7,95.1,ES
Paul Cuffe Math-Science Technology Academy Elementary School,610003,60,83,No,48,93.6,95.4,ES
West Park Elementary Academy,610100,,,No,46,93.7,96.7,ES
Robert L Grimes Elementary School,609956,64,71,No,53,95.2,95.6,ES
Edward White Elementary Career Academy,610315,,,No,51,93.8,96.7,ES
Benjamin Banneker Elementary School,610265,,,No,,91.3,93.9,ES
Alfred David Kohn Elementary School,610028,26,19,No,47,90.1,94.2,ES
Francis M McKay Elementary School,610067,48,61,No,48,93.5,95.1,ES
Gerald Delgado Kanoon Elementary Magnet School,609920,37,43,No,47,95.9,95.6,ES
Charles Gates Dawes Elementary School,609879,38,54,No,50,95.7,95.6,ES
Carrie Jacobs Bond Elementary School,610238,49,32,No,53,91.7,94.3,ES
Friedrich Ludwig Jahn Elementary School,610010,,,No,50,94.7,94.7,ES
John F Kennedy High School,609718,30,24,No,,83.0,94.7,HS
Pulaski International Academy Elmentary School,610138,45,23,No,47,96.1,96.2,ES
Thomas A Edison Regional Gifted Center Elementary School,609794,,,Yes,55,96.6,96.3,ES
Mary Lyon Elementary School,610046,,,No,45,95.9,97.0,ES
Claremont Academy Elementary School,610347,33,59,No,46,92.5,96.2,ES
Dr Jorge Prieto Math and Science,610533,,,No,52,94.7,96.9,ES
James Wadsworth Elementary School,610213,,,No,47,92.2,95.5,ES
Horatio May Elementary Community Academy,610058,,,No,,91.9,96.4,ES
Kelvyn Park High School,609716,28,43,No,,74.4,94.5,HS
Spencer Technology Academy,610183,50,56,No,50,92.5,96.0,ES
Little Village Elementary School,609834,43,43,No,47,96.7,96.7,ES
Edward A Bouchet Math & Science Academy Elementary School,609815,57,58,No,50,92.9,95.9,ES
Rudyard Kipling Elementary School,610027,,,No,53,94.7,96.0,ES
Marcus Moziah Garvey Elementary School,610128,,,No,49,94.0,96.0,ES
Chicago High School for Agricultural Sciences,609753,77,40,No,52,92.8,95.2,HS
Josephine C Locke Elementary School,610041,47,45,No,47,95.5,95.1,ES
William H Brown Elementary School,609812,73,73,No,46,92.8,94.7,ES
Helen Peirce International Studies Elementary School,610122,,,No,47,96.7,95.8,ES
Williams Preparatory Academy Middle School,610336,,,No,53,93.3,92.4,MS
Stephen T Mather High School,609724,44,56,No,,87.6,96.5,HS
High School of Leadership at South Shore,610297,30,28,No,42,72.0,95.2,HS
TEAM Englewood Community Academy High School,610506,48,68,No,58,87.3,96.5,HS
Robert A Black Magnet Elementary School,610350,,,Yes,55,96.0,93.7,ES
Martin A Ryerson Elementary School,610154,32,37,No,45,95.5,96.8,ES
Infinity Math Science and Technology High School,610384,,,No,51,92.2,96.0,HS
Daniel J Corkery Elementary School,609870,,,No,,94.7,97.2,ES
